[{"Nombre":"Camiseta B\u00E1sica","Descripcion":"Camiseta de algod\u00F3n 100%, suave y c\u00F3moda","Precio":19.99,"Stock":150,"Fotos":[],"FotoPrincipal":"","Categoria":"Ropa","Tallas":["S","M","L","XL"],"Colores":["Rojo","Azul","Verde"]},{"Nombre":"Zapatos Deportivos","Descripcion":"Zapatos ideales para correr y hacer ejercicio","Precio":49.99,"Stock":75,"Fotos":[],"FotoPrincipal":"","Categoria":"Calzado","Tallas":["40","41","42","43"],"Colores":["Negro","Blanco","Gris"]},{"Nombre":"Pantalones Vaqueros","Descripcion":"Pantalones de mezclilla con ajuste c\u00F3modo","Precio":39.99,"Stock":200,"Fotos":[],"FotoPrincipal":"","Categoria":"Ropa","Tallas":["32","34","36","38"],"Colores":["Azul Oscuro","Negro"]},{"Nombre":"Bolso de Mano","Descripcion":"Bolso de cuero elegante y espacioso","Precio":79.99,"Stock":50,"Fotos":[],"FotoPrincipal":"","Categoria":"Accesorios","Tallas":["\u00DAnica"],"Colores":["Marr\u00F3n","Negro"]},{"Nombre":"Gorra Deportiva","Descripcion":"Gorra ajustable para deportes al aire libre","Precio":15.99,"Stock":300,"Fotos":[],"FotoPrincipal":"","Categoria":"Accesorios","Tallas":["\u00DAnica"],"Colores":["Negro","Blanco","Azul"]}]