[{"Nombre":"Ropa","CategoriaPadre":null},{"Nombre":"Calzado","CategoriaPadre":null},{"Nombre":"Accesorios","CategoriaPadre":null},{"Nombre":"Electr\u00F3nica","CategoriaPadre":null},{"Nombre":"Hogar","CategoriaPadre":null},{"Nombre":"Juguetes","CategoriaPadre":null},{"Nombre":"Libros","CategoriaPadre":null},{"Nombre":"Muebles","CategoriaPadre":null},{"Nombre":"Herramientas","CategoriaPadre":null},{"Nombre":"Deportes","CategoriaPadre":null},{"Nombre":"Zapatillas","CategoriaPadre":"Calzado"},{"Nombre":"Sandalias","CategoriaPadre":"Calzado"},{"Nombre":"Camisetas","CategoriaPadre":"Ropa"},{"Nombre":"Pantalones","CategoriaPadre":"Ropa"},{"Nombre":"Camisas","CategoriaPadre":"Ropa"},{"Nombre":"Formal","CategoriaPadre":"Ropa"},{"Nombre":"Casual","CategoriaPadre":"Ropa"}]