{
  "hash": "72a4b9ef",
  "configHash": "e04aef07",
  "lockfileHash": "5d80aa0e",
  "browserHash": "ef59ece2",
  "optimized": {
    "@angular/common": {
      "src": "../../../../../node_modules/@angular/common/fesm2022/common.mjs",
      "file": "@angular_common.js",
      "fileHash": "1f252f6d",
      "needsInterop": false
    },
    "@angular/common/http": {
      "src": "../../../../../node_modules/@angular/common/fesm2022/http.mjs",
      "file": "@angular_common_http.js",
      "fileHash": "ec1fb7e2",
      "needsInterop": false
    },
    "@angular/core": {
      "src": "../../../../../node_modules/@angular/core/fesm2022/core.mjs",
      "file": "@angular_core.js",
      "fileHash": "909a6e00",
      "needsInterop": false
    },
    "@angular/forms": {
      "src": "../../../../../node_modules/@angular/forms/fesm2022/forms.mjs",
      "file": "@angular_forms.js",
      "fileHash": "ba436728",
      "needsInterop": false
    },
    "@angular/platform-browser": {
      "src": "../../../../../node_modules/@angular/platform-browser/fesm2022/platform-browser.mjs",
      "file": "@angular_platform-browser.js",
      "fileHash": "4002861e",
      "needsInterop": false
    },
    "@angular/router": {
      "src": "../../../../../node_modules/@angular/router/fesm2022/router.mjs",
      "file": "@angular_router.js",
      "fileHash": "064a0b59",
      "needsInterop": false
    }
  },
  "chunks": {
    "chunk-UZF5QNGM": {
      "file": "chunk-UZF5QNGM.js"
    },
    "chunk-2HEBDTGR": {
      "file": "chunk-2HEBDTGR.js"
    },
    "chunk-MRUW4HX5": {
      "file": "chunk-MRUW4HX5.js"
    },
    "chunk-2QDPCBAK": {
      "file": "chunk-2QDPCBAK.js"
    }
  }
}