[{"Nombre":"","CategoriaPadre":null},{"Nombre":"","CategoriaPadre":null},{"Nombre":"","CategoriaPadre":null},{"Nombre":"","CategoriaPadre":null},{"Nombre":"","CategoriaPadre":null},{"Nombre":"","CategoriaPadre":null},{"Nombre":"","CategoriaPadre":null},{"Nombre":"","CategoriaPadre":null},{"Nombre":"","CategoriaPadre":null},{"Nombre":"","CategoriaPadre":null},{"Nombre":"","CategoriaPadre":"Calzado"},{"Nombre":"","CategoriaPadre":"Calzado"},{"Nombre":"","CategoriaPadre":"Ropa"},{"Nombre":"","CategoriaPadre":"Ropa"},{"Nombre":"","CategoriaPadre":"Ropa"},{"Nombre":"","CategoriaPadre":"Ropa"},{"Nombre":"","CategoriaPadre":"Ropa"}]