[{"Nombre":"Camiseta B\u00E1sica","Descripcion":"Camiseta de algod\u00F3n 100%, suave y c\u00F3moda","Precio":19.99,"Stock":150,"Fotos":["camiseta_basica_1.jpg","camiseta_basica_2.jpg"],"FotoPrincipal":"camiseta_basica.jpg","Categoria":"Ropa","Tallas":["S","M","L","XL"],"Colores":["Rojo","Azul","Verde"]},{"Nombre":"Zapatos Deportivos","Descripcion":"Zapatos ideales para correr y hacer ejercicio","Precio":49.99,"Stock":75,"Fotos":["zapatos_deportivos_1.jpg","zapatos_deportivos_2.jpg"],"FotoPrincipal":"zapatos_deportivos.jpg","Categoria":"Calzado","Tallas":["40","41","42","43"],"Colores":["Negro","Blanco","Gris"]},{"Nombre":"Pantalones Vaqueros","Descripcion":"Pantalones de mezclilla con ajuste c\u00F3modo","Precio":39.99,"Stock":200,"Fotos":["pantalones_vaqueros_1.jpg","pantalones_vaqueros_2.jpg"],"FotoPrincipal":"pantalones_vaqueros.jpg","Categoria":"Ropa","Tallas":["32","34","36","38"],"Colores":["Azul Oscuro","Negro"]},{"Nombre":"Bolso de Mano","Descripcion":"Bolso de cuero elegante y espacioso","Precio":79.99,"Stock":50,"Fotos":["bolso_mano_1.jpg","bolso_mano_2.jpg"],"FotoPrincipal":"bolso_mano.jpg","Categoria":"Accesorios","Tallas":["\u00DAnica"],"Colores":["Marr\u00F3n","Negro"]},{"Nombre":"Gorra Deportiva","Descripcion":"Gorra ajustable para deportes al aire libre","Precio":15.99,"Stock":300,"Fotos":["gorra_deportiva_1.jpg","gorra_deportiva_2.jpg"],"FotoPrincipal":"gorra_deportiva.jpg","Categoria":"Accesorios","Tallas":["\u00DAnica"],"Colores":["Negro","Blanco","Azul"]}]